"host_state";"host";"host_icons";"num_services_ok";"num_services_warn";"num_services_unknown";"num_services_crit";"num_services_pending";"sitealias"
"UP";"3BB";"NOT_CSV_EXPORTABLE";"1";"0";"0";"0";"0";"PSU HDY"
"UP";"192.168.105.78";"NOT_CSV_EXPORTABLE";"18";"1";"0";"0";"0";"PSU HDY"
"UP";"192.168.105.79";"NOT_CSV_EXPORTABLE";"18";"1";"0";"0";"0";"PSU HDY"
"UP";"192.168.105.80";"NOT_CSV_EXPORTABLE";"18";"1";"0";"0";"0";"PSU HDY"
"UP";"192.168.105.81";"NOT_CSV_EXPORTABLE";"18";"1";"0";"0";"0";"PSU HDY"
"UP";"192.168.105.82";"NOT_CSV_EXPORTABLE";"18";"1";"0";"0";"0";"PSU HDY"
"UP";"aeris.psu.ac.th";"NOT_CSV_EXPORTABLE";"2";"0";"0";"0";"0";"PSU HDY"
"UP";"Airwave_Management_Software_for_Aruba_R2000";"NOT_CSV_EXPORTABLE";"1";"0";"0";"0";"0";"PSU HDY"
"UP";"apollo.psu.ac.th";"NOT_CSV_EXPORTABLE";"25";"0";"0";"3";"0";"PSU HDY"
"UP";"Argus";"NOT_CSV_EXPORTABLE";"1";"0";"0";"0";"0";"PSU HDY"
"UP";"aries";"NOT_CSV_EXPORTABLE";"1";"0";"0";"0";"0";"PSU HDY"
"UP";"Aruba-Controller";"NOT_CSV_EXPORTABLE";"497";"0";"3";"11";"0";"PSU HDY"
"UP";"Aruba-controller2";"NOT_CSV_EXPORTABLE";"1";"0";"0";"0";"0";"PSU HDY"
"UP";"Aruba-controller3";"NOT_CSV_EXPORTABLE";"1";"0";"0";"0";"0";"PSU HDY"
"UP";"Aruba-controller4";"NOT_CSV_EXPORTABLE";"1";"0";"0";"0";"0";"PSU HDY"
"UP";"athena";"NOT_CSV_EXPORTABLE";"64";"0";"0";"0";"0";"PSU HDY"
"UP";"Aurora";"NOT_CSV_EXPORTABLE";"1";"0";"0";"0";"0";"PSU HDY"
"UP";"Auth";"NOT_CSV_EXPORTABLE";"1";"0";"0";"0";"0";"PSU HDY"
"UP";"Auth2";"NOT_CSV_EXPORTABLE";"1";"0";"0";"0";"0";"PSU HDY"
"UP";"authentik-db";"NOT_CSV_EXPORTABLE";"24";"2";"1";"0";"0";"PSU HDY"
"DOWN";"authentik-worker";"NOT_CSV_EXPORTABLE";"21";"2";"1";"2";"0";"PSU HDY"
"UP";"cancer";"NOT_CSV_EXPORTABLE";"1";"0";"0";"0";"0";"PSU HDY"
"UP";"checkmk.psu.ac.th";"NOT_CSV_EXPORTABLE";"17";"0";"0";"0";"0";"PSU HDY"
"UP";"Cisco_CMX";"NOT_CSV_EXPORTABLE";"1";"0";"0";"0";"0";"PSU HDY"
"UP";"Cisco_ISE";"NOT_CSV_EXPORTABLE";"1";"0";"0";"0";"0";"PSU HDY"
"UP";"Cisco_Prime";"NOT_CSV_EXPORTABLE";"1";"0";"0";"2";"0";"PSU HDY"
"UP";"clog";"NOT_CSV_EXPORTABLE";"1";"0";"0";"0";"0";"PSU HDY"
"UP";"coe-gw";"NOT_CSV_EXPORTABLE";"1";"0";"0";"0";"0";"PSU HDY"
"UP";"cs-gw";"NOT_CSV_EXPORTABLE";"1";"0";"0";"0";"0";"PSU HDY"
"UP";"CSW";"NOT_CSV_EXPORTABLE";"75";"0";"0";"0";"0";"PSU HDY"
"UP";"dc1.psu.ac.th";"NOT_CSV_EXPORTABLE";"2";"0";"0";"0";"0";"PSU HDY"
"UP";"dc2.psu.ac.th";"NOT_CSV_EXPORTABLE";"2";"0";"0";"0";"0";"PSU HDY"
"UP";"dc3.psu.ac.th";"NOT_CSV_EXPORTABLE";"2";"0";"0";"0";"0";"PSU HDY"
"UP";"dc4.psu.ac.th";"NOT_CSV_EXPORTABLE";"2";"0";"0";"0";"0";"PSU HDY"
"UP";"dc5.psu.ac.th";"NOT_CSV_EXPORTABLE";"2";"0";"0";"0";"0";"PSU HDY"
"UP";"dc6.psu.ac.th";"NOT_CSV_EXPORTABLE";"2";"0";"0";"0";"0";"PSU HDY"
"UP";"dc7.psu.ac.th";"NOT_CSV_EXPORTABLE";"2";"0";"0";"0";"0";"PSU HDY"
"UP";"dhcp-adm";"NOT_CSV_EXPORTABLE";"17";"1";"0";"1";"0";"PSU HDY"
"UP";"dhcp-asb";"NOT_CSV_EXPORTABLE";"16";"2";"0";"1";"0";"PSU HDY"
"UP";"dhcp-cc";"NOT_CSV_EXPORTABLE";"15";"1";"0";"1";"0";"PSU HDY"
"UP";"dhcp-dorm";"NOT_CSV_EXPORTABLE";"17";"1";"0";"1";"0";"PSU HDY"
"UP";"dhcp-icc";"NOT_CSV_EXPORTABLE";"16";"2";"0";"1";"0";"PSU HDY"
"UP";"dhcp-kea";"NOT_CSV_EXPORTABLE";"1";"1";"0";"1";"0";"PSU HDY"
"UP";"dhcp-lrc";"NOT_CSV_EXPORTABLE";"16";"2";"0";"1";"0";"PSU HDY"
"UP";"diis.psu.ac.th";"NOT_CSV_EXPORTABLE";"2";"0";"0";"0";"0";"PSU HDY"
"UP";"dns.google.com";"NOT_CSV_EXPORTABLE";"1";"0";"0";"0";"0";"PSU HDY"
"UP";"docs.psu.ac.th";"NOT_CSV_EXPORTABLE";"3";"0";"0";"0";"0";"PSU HDY"
"UP";"dss.psu.ac.th";"NOT_CSV_EXPORTABLE";"19";"2";"0";"2";"0";"PSU HDY"
"UP";"EfficientIP_DHCP_Server";"NOT_CSV_EXPORTABLE";"1";"0";"0";"0";"0";"PSU HDY"
"UP";"eNS";"NOT_CSV_EXPORTABLE";"1";"0";"0";"0";"0";"PSU HDY"
"UP";"eNS2";"NOT_CSV_EXPORTABLE";"1";"0";"0";"0";"0";"PSU HDY"
"UP";"esw-acc";"NOT_CSV_EXPORTABLE";"9";"0";"0";"6";"0";"PSU HDY"
"UP";"esw-acc2";"NOT_CSV_EXPORTABLE";"19";"1";"0";"1";"0";"PSU HDY"
"UP";"esw-agi";"NOT_CSV_EXPORTABLE";"21";"0";"0";"0";"0";"PSU HDY"
"UP";"esw-art";"NOT_CSV_EXPORTABLE";"1";"0";"0";"0";"0";"PSU HDY"
"UP";"ESW-ASB";"NOT_CSV_EXPORTABLE";"1";"1";"0";"1";"0";"PSU HDY"
"UP";"esw-dent";"NOT_CSV_EXPORTABLE";"1";"0";"0";"0";"0";"PSU HDY"
"UP";"esw-diis";"NOT_CSV_EXPORTABLE";"32";"0";"0";"1";"0";"PSU HDY"
"UP";"Esw-Dorm";"NOT_CSV_EXPORTABLE";"16";"5";"0";"1";"0";"PSU HDY"
"UP";"esw-eco";"NOT_CSV_EXPORTABLE";"1";"0";"0";"0";"0";"PSU HDY"
"UP";"esw-eng";"NOT_CSV_EXPORTABLE";"11";"0";"0";"0";"0";"PSU HDY"
"UP";"esw-env";"NOT_CSV_EXPORTABLE";"18";"0";"0";"0";"0";"PSU HDY"
"UP";"esw-fms";"NOT_CSV_EXPORTABLE";"24";"0";"0";"1";"0";"PSU HDY"
"UP";"esw-icc";"NOT_CSV_EXPORTABLE";"16";"0";"0";"1";"0";"PSU HDY"
"UP";"esw-iloa8";"NOT_CSV_EXPORTABLE";"1";"1";"0";"1";"0";"PSU HDY"
"UP";"esw-iloa9";"NOT_CSV_EXPORTABLE";"1";"1";"0";"1";"0";"PSU HDY"
"UP";"esw-law";"NOT_CSV_EXPORTABLE";"22";"0";"0";"0";"0";"PSU HDY"
"UP";"esw-lcb";"NOT_CSV_EXPORTABLE";"7";"1";"0";"0";"0";"PSU HDY"
"UP";"esw-lib";"NOT_CSV_EXPORTABLE";"16";"0";"0";"0";"0";"PSU HDY"
"UP";"esw-lrc";"NOT_CSV_EXPORTABLE";"23";"0";"0";"0";"0";"PSU HDY"
"UP";"esw-med";"NOT_CSV_EXPORTABLE";"1";"0";"0";"0";"0";"PSU HDY"
"UP";"esw-mix";"NOT_CSV_EXPORTABLE";"23";"0";"0";"0";"0";"PSU HDY"
"UP";"esw-mix3";"NOT_CSV_EXPORTABLE";"15";"0";"0";"0";"0";"PSU HDY"
"UP";"esw-ns";"NOT_CSV_EXPORTABLE";"1";"0";"0";"0";"0";"PSU HDY"
"UP";"esw-ntr";"NOT_CSV_EXPORTABLE";"20";"0";"0";"0";"0";"PSU HDY"
"UP";"esw-nur";"NOT_CSV_EXPORTABLE";"1";"0";"0";"0";"0";"PSU HDY"
"UP";"esw-peace";"NOT_CSV_EXPORTABLE";"12";"0";"0";"0";"0";"PSU HDY"
"UP";"esw-pso";"NOT_CSV_EXPORTABLE";"28";"0";"0";"0";"0";"PSU HDY"
"UP";"esw-rx";"NOT_CSV_EXPORTABLE";"1";"0";"0";"0";"0";"PSU HDY"
"UP";"esw-sci";"NOT_CSV_EXPORTABLE";"1";"0";"0";"0";"0";"PSU HDY"
"UP";"esw-scipark";"NOT_CSV_EXPORTABLE";"1";"0";"0";"0";"0";"PSU HDY"
"UP";"ESW-SERVER-25-DIIS1";"NOT_CSV_EXPORTABLE";"39";"0";"0";"0";"0";"PSU HDY"
"UP";"ESW-SERVER-25-DIIS2";"NOT_CSV_EXPORTABLE";"40";"0";"0";"0";"0";"PSU HDY"
"UP";"ESW-SERVER-25-LRC1";"NOT_CSV_EXPORTABLE";"24";"0";"0";"0";"0";"PSU HDY"
"UP";"ESW-SERVER-25-LRC2";"NOT_CSV_EXPORTABLE";"24";"0";"0";"0";"0";"PSU HDY"
"UP";"esw-sport";"NOT_CSV_EXPORTABLE";"1";"1";"0";"1";"0";"PSU HDY"
"UP";"esw-svr1_HPE5900";"NOT_CSV_EXPORTABLE";"1";"0";"0";"0";"0";"PSU HDY"
"UP";"esw-svr2_HPE5900";"NOT_CSV_EXPORTABLE";"1";"0";"0";"0";"0";"PSU HDY"
"UP";"esw-svr40G";"NOT_CSV_EXPORTABLE";"24";"0";"0";"0";"0";"PSU HDY"
"UP";"esw-vet";"NOT_CSV_EXPORTABLE";"1";"0";"0";"0";"0";"PSU HDY"
"UP";"esw-vet-TY";"NOT_CSV_EXPORTABLE";"1";"0";"0";"0";"0";"PSU HDY"
"UP";"esw-voip";"NOT_CSV_EXPORTABLE";"44";"0";"0";"0";"0";"PSU HDY"
"UP";"etesting.psu.ac.th";"NOT_CSV_EXPORTABLE";"3";"0";"0";"0";"0";"PSU HDY"
"UP";"Gemini-01";"NOT_CSV_EXPORTABLE";"1";"0";"0";"0";"0";"PSU HDY"
"UP";"Gemini-02";"NOT_CSV_EXPORTABLE";"1";"0";"0";"0";"0";"PSU HDY"
"UP";"Gemini-03";"NOT_CSV_EXPORTABLE";"1";"0";"0";"0";"0";"PSU HDY"
"UP";"hades";"NOT_CSV_EXPORTABLE";"67";"1";"0";"0";"0";"PSU HDY"
"UP";"Helios";"NOT_CSV_EXPORTABLE";"1";"0";"0";"0";"0";"PSU HDY"
"UP";"hfw1.psu.ac.th";"NOT_CSV_EXPORTABLE";"1";"0";"0";"0";"0";"PSU HDY"
"UP";"hfw2.psu.ac.th";"NOT_CSV_EXPORTABLE";"1";"0";"0";"0";"0";"PSU HDY"
"UP";"hrmis.psu.ac.th";"NOT_CSV_EXPORTABLE";"3";"0";"0";"0";"0";"PSU HDY"
"UP";"Infoblox-DHCP";"NOT_CSV_EXPORTABLE";"1";"0";"0";"0";"0";"PSU HDY"
"UP";"Lib301";"NOT_CSV_EXPORTABLE";"13";"0";"0";"2";"0";"PSU HDY"
"UP";"Lib302";"NOT_CSV_EXPORTABLE";"1";"1";"0";"1";"0";"PSU HDY"
"UP";"Lib303p";"NOT_CSV_EXPORTABLE";"1";"1";"0";"1";"0";"PSU HDY"
"UP";"Lib304";"NOT_CSV_EXPORTABLE";"1";"1";"0";"1";"0";"PSU HDY"
"UP";"Lib305";"NOT_CSV_EXPORTABLE";"12";"3";"0";"3";"0";"PSU HDY"
"UP";"Lib307";"NOT_CSV_EXPORTABLE";"1";"1";"0";"1";"0";"PSU HDY"
"UP";"Lib308";"NOT_CSV_EXPORTABLE";"1";"1";"0";"1";"0";"PSU HDY"
"UP";"Lib402";"NOT_CSV_EXPORTABLE";"1";"1";"0";"1";"0";"PSU HDY"
"UP";"Lib502";"NOT_CSV_EXPORTABLE";"1";"1";"0";"1";"0";"PSU HDY"
"UP";"Lib602";"NOT_CSV_EXPORTABLE";"1";"1";"0";"1";"0";"PSU HDY"
"UP";"Lib702";"NOT_CSV_EXPORTABLE";"1";"1";"0";"1";"0";"PSU HDY"
"UP";"lib704p";"NOT_CSV_EXPORTABLE";"28";"0";"0";"1";"0";"PSU HDY"
"UP";"Libra";"NOT_CSV_EXPORTABLE";"1";"0";"0";"0";"0";"PSU HDY"
"UP";"Libra-01";"NOT_CSV_EXPORTABLE";"2";"0";"0";"0";"0";"PSU HDY"
"UP";"Libra-02";"NOT_CSV_EXPORTABLE";"1";"0";"0";"0";"0";"PSU HDY"
"UP";"Licensing";"NOT_CSV_EXPORTABLE";"19";"3";"0";"1";"0";"PSU HDY"
"UP";"Liebert_Air";"NOT_CSV_EXPORTABLE";"8";"0";"0";"0";"0";"PSU HDY"
"UP";"Liebert_Air2";"NOT_CSV_EXPORTABLE";"1";"0";"0";"2";"0";"PSU HDY"
"UP";"lms.psu.ac.th";"NOT_CSV_EXPORTABLE";"3";"0";"0";"0";"0";"PSU HDY"
"UP";"login.psu.ac.th";"NOT_CSV_EXPORTABLE";"1";"0";"0";"0";"0";"PSU HDY"
"UP";"luck.psu.ac.th";"NOT_CSV_EXPORTABLE";"2";"0";"0";"0";"0";"PSU HDY"
"UP";"mon-hdy.psu.ac.th";"NOT_CSV_EXPORTABLE";"1";"0";"0";"0";"0";"PSU HDY"
"UP";"nas01";"NOT_CSV_EXPORTABLE";"1";"0";"0";"0";"0";"PSU HDY"
"UP";"nessus.psu.ac.th";"NOT_CSV_EXPORTABLE";"1";"0";"0";"0";"0";"PSU HDY"
"UP";"nora.psu.ac.th";"NOT_CSV_EXPORTABLE";"2";"0";"0";"0";"0";"PSU HDY"
"UP";"NT";"NOT_CSV_EXPORTABLE";"2";"0";"0";"0";"0";"PSU HDY"
"UP";"passport.psu.ac.th";"NOT_CSV_EXPORTABLE";"2";"0";"0";"0";"0";"PSU HDY"
"UP";"PKT-ISP-Link";"NOT_CSV_EXPORTABLE";"1";"0";"0";"0";"0";"PSU HDY"
"UP";"PKT-UniNet";"NOT_CSV_EXPORTABLE";"1";"0";"0";"0";"0";"PSU HDY"
"UP";"poseidon";"NOT_CSV_EXPORTABLE";"68";"0";"0";"0";"0";"PSU HDY"
"UP";"psusso.psu.ac.th";"NOT_CSV_EXPORTABLE";"27";"1";"0";"1";"0";"PSU HDY"
"UP";"PTN-ISP-Link";"NOT_CSV_EXPORTABLE";"1";"0";"0";"0";"0";"PSU HDY"
"UP";"PTN-UniNet";"NOT_CSV_EXPORTABLE";"1";"0";"0";"0";"0";"PSU HDY"
"UP";"radius";"NOT_CSV_EXPORTABLE";"1";"0";"0";"0";"0";"PSU HDY"
"UP";"radius2";"NOT_CSV_EXPORTABLE";"1";"0";"0";"0";"0";"PSU HDY"
"UP";"radius-hdy1";"NOT_CSV_EXPORTABLE";"1";"0";"0";"0";"0";"PSU HDY"
"UP";"radius-hdy2";"NOT_CSV_EXPORTABLE";"1";"0";"0";"0";"0";"PSU HDY"
"UP";"RCS";"NOT_CSV_EXPORTABLE";"1";"0";"0";"0";"0";"PSU HDY"
"UP";"RCS2";"NOT_CSV_EXPORTABLE";"1";"0";"0";"0";"0";"PSU HDY"
"UP";"regist-cms.psu.ac.th";"NOT_CSV_EXPORTABLE";"19";"1";"0";"0";"0";"PSU HDY"
"UP";"reis.psu.ac.th";"NOT_CSV_EXPORTABLE";"2";"0";"0";"0";"0";"PSU HDY"
"UP";"Rx6-CSW-Uside";"NOT_CSV_EXPORTABLE";"1";"1";"0";"1";"0";"PSU HDY"
"UP";"Rx6-R01-ESW1";"NOT_CSV_EXPORTABLE";"1";"1";"0";"1";"0";"PSU HDY"
"UP";"Rx6-R04-ESW2";"NOT_CSV_EXPORTABLE";"1";"1";"0";"1";"0";"PSU HDY"
"UP";"Rx6-R05-ESW1";"NOT_CSV_EXPORTABLE";"1";"1";"0";"1";"0";"PSU HDY"
"UP";"Rx6-R05-ESW2";"NOT_CSV_EXPORTABLE";"1";"1";"0";"1";"0";"PSU HDY"
"UP";"Rx6-R06-ESW1";"NOT_CSV_EXPORTABLE";"1";"1";"0";"1";"0";"PSU HDY"
"UP";"Rx6-R07-ESW1";"NOT_CSV_EXPORTABLE";"1";"1";"0";"1";"0";"PSU HDY"
"UP";"Rx6-R08-ESW1";"NOT_CSV_EXPORTABLE";"1";"1";"0";"1";"0";"PSU HDY"
"UP";"Rx6-R09-ESW1";"NOT_CSV_EXPORTABLE";"1";"1";"0";"1";"0";"PSU HDY"
"UP";"Rx6-R10-ESW1";"NOT_CSV_EXPORTABLE";"1";"1";"0";"1";"0";"PSU HDY"
"UP";"SAN-WIFI-A";"NOT_CSV_EXPORTABLE";"1";"0";"0";"0";"0";"PSU HDY"
"UP";"SAN-WIFI-B";"NOT_CSV_EXPORTABLE";"1";"0";"0";"0";"0";"PSU HDY"
"UP";"sis1.in.psu.ac.th";"NOT_CSV_EXPORTABLE";"18";"1";"0";"0";"0";"PSU HDY"
"UP";"sis2.in.psu.ac.th";"NOT_CSV_EXPORTABLE";"17";"1";"0";"0";"0";"PSU HDY"
"UP";"sis3.in.psu.ac.th";"NOT_CSV_EXPORTABLE";"18";"1";"0";"0";"0";"PSU HDY"
"UP";"sis4.in.psu.ac.th";"NOT_CSV_EXPORTABLE";"18";"1";"0";"0";"0";"PSU HDY"
"UP";"sis5.in.psu.ac.th";"NOT_CSV_EXPORTABLE";"18";"1";"0";"0";"0";"PSU HDY"
"UP";"sis6.in.psu.ac.th";"NOT_CSV_EXPORTABLE";"18";"1";"0";"0";"0";"PSU HDY"
"UP";"sis-api1.in.psu.ac.th";"NOT_CSV_EXPORTABLE";"18";"1";"0";"0";"0";"PSU HDY"
"UP";"sis-api2.in.psu.ac.th";"NOT_CSV_EXPORTABLE";"18";"1";"0";"0";"0";"PSU HDY"
"UP";"sis-api3.in.psu.ac.th";"NOT_CSV_EXPORTABLE";"18";"1";"0";"0";"0";"PSU HDY"
"UP";"sis-new-api.psu.ac.th";"NOT_CSV_EXPORTABLE";"17";"1";"0";"0";"0";"PSU HDY"
"UP";"sis-new.psu.ac.th";"NOT_CSV_EXPORTABLE";"15";"2";"0";"0";"0";"PSU HDY"
"UP";"sis-redis1.in.psu.ac.th";"NOT_CSV_EXPORTABLE";"18";"1";"0";"0";"0";"PSU HDY"
"UP";"sis.psu.ac.th";"NOT_CSV_EXPORTABLE";"16";"1";"0";"1";"0";"PSU HDY"
"UP";"smokeping.psu.ac.th";"NOT_CSV_EXPORTABLE";"1";"0";"0";"0";"0";"PSU HDY"
"UP";"SPXF1A01";"NOT_CSV_EXPORTABLE";"1";"0";"0";"0";"0";"PSU HDY"
"UP";"SPXOGA01";"NOT_CSV_EXPORTABLE";"1";"0";"0";"0";"0";"PSU HDY"
"UP";"SPXOGA02";"NOT_CSV_EXPORTABLE";"1";"0";"0";"0";"0";"PSU HDY"
"UP";"SPXSWA01";"NOT_CSV_EXPORTABLE";"1";"0";"0";"0";"0";"PSU HDY"
"UP";"SPXSWA02";"NOT_CSV_EXPORTABLE";"1";"0";"0";"0";"0";"PSU HDY"
"UP";"SRT-ISP-Link";"NOT_CSV_EXPORTABLE";"1";"0";"0";"0";"0";"PSU HDY"
"UP";"SRT-UniNet";"NOT_CSV_EXPORTABLE";"1";"0";"0";"0";"0";"PSU HDY"
"UP";"sso.psu.ac.th";"NOT_CSV_EXPORTABLE";"2";"0";"0";"0";"0";"PSU HDY"
"UP";"sw1_21_Network";"NOT_CSV_EXPORTABLE";"11";"1";"0";"4";"0";"PSU HDY"
"UP";"sw2_32_Convention";"NOT_CSV_EXPORTABLE";"12";"0";"0";"1";"0";"PSU HDY"
"DOWN";"sw3_11_Banquet";"NOT_CSV_EXPORTABLE";"5";"0";"0";"1";"0";"PSU HDY"
"UP";"sw4_12_Conference";"NOT_CSV_EXPORTABLE";"14";"0";"0";"1";"0";"PSU HDY"
"UP";"sw5_31_SCEB";"NOT_CSV_EXPORTABLE";"10";"0";"0";"2";"0";"PSU HDY"
"UP";"sw6_staff-room";"NOT_CSV_EXPORTABLE";"14";"0";"0";"0";"0";"PSU HDY"
"UP";"sw-adb";"NOT_CSV_EXPORTABLE";"13";"1";"0";"0";"0";"PSU HDY"
"UP";"sw-admin";"NOT_CSV_EXPORTABLE";"9";"0";"0";"3";"0";"PSU HDY"
"UP";"sw-bantaophai";"NOT_CSV_EXPORTABLE";"8";"0";"0";"2";"0";"PSU HDY"
"UP";"sw-build";"NOT_CSV_EXPORTABLE";"8";"0";"0";"0";"0";"PSU HDY"
"UP";"sw-ccstaff1000";"NOT_CSV_EXPORTABLE";"12";"0";"0";"1";"0";"PSU HDY"
"UP";"sw-center";"NOT_CSV_EXPORTABLE";"10";"1";"0";"1";"0";"PSU HDY"
"UP";"sw-corin";"NOT_CSV_EXPORTABLE";"1";"0";"0";"2";"0";"PSU HDY"
"UP";"sw-Dorm2";"NOT_CSV_EXPORTABLE";"5";"0";"0";"1";"0";"PSU HDY"
"DOWN";"sw-Dorm6";"NOT_CSV_EXPORTABLE";"6";"0";"0";"2";"0";"PSU HDY"
"UP";"sw-Dorm15";"NOT_CSV_EXPORTABLE";"5";"0";"0";"0";"0";"PSU HDY"
"UP";"sw-DP04";"NOT_CSV_EXPORTABLE";"1";"1";"0";"1";"0";"PSU HDY"
"UP";"sw-edu";"NOT_CSV_EXPORTABLE";"12";"0";"0";"1";"0";"PSU HDY"
"UP";"sw-fin1";"NOT_CSV_EXPORTABLE";"12";"5";"0";"4";"0";"PSU HDY"
"UP";"sw-fin2";"NOT_CSV_EXPORTABLE";"13";"2";"0";"0";"0";"PSU HDY"
"UP";"sw-fitness";"NOT_CSV_EXPORTABLE";"1";"1";"0";"1";"0";"PSU HDY"
"UP";"sw-fl8-lrc";"NOT_CSV_EXPORTABLE";"1";"1";"0";"1";"0";"PSU HDY"
"UP";"sw-fl10s-lrcs";"NOT_CSV_EXPORTABLE";"1";"0";"0";"2";"0";"PSU HDY"
"UP";"sw-fl802-lrc";"NOT_CSV_EXPORTABLE";"1";"0";"0";"2";"0";"PSU HDY"
"UP";"sw-fl1102-lrcs";"NOT_CSV_EXPORTABLE";"1";"0";"0";"2";"0";"PSU HDY"
"UP";"sw-grad-lrcs";"NOT_CSV_EXPORTABLE";"1";"1";"0";"1";"0";"PSU HDY"
"UP";"sw-m1";"NOT_CSV_EXPORTABLE";"1";"0";"0";"2";"0";"PSU HDY"
"UP";"sw-m215";"NOT_CSV_EXPORTABLE";"7";"0";"0";"0";"0";"PSU HDY"
"UP";"sw-nmt";"NOT_CSV_EXPORTABLE";"8";"0";"0";"0";"0";"PSU HDY"
"UP";"sw-oldgym";"NOT_CSV_EXPORTABLE";"1";"1";"0";"1";"0";"PSU HDY"
"UP";"sw-other";"NOT_CSV_EXPORTABLE";"8";"0";"0";"2";"0";"PSU HDY"
"UP";"sw-personnel";"NOT_CSV_EXPORTABLE";"5";"0";"0";"8";"0";"PSU HDY"
"UP";"sw-plan";"NOT_CSV_EXPORTABLE";"8";"0";"0";"2";"0";"PSU HDY"
"UP";"sw-psuhistory";"NOT_CSV_EXPORTABLE";"12";"1";"0";"4";"0";"PSU HDY"
"UP";"sw-rdo2";"NOT_CSV_EXPORTABLE";"1";"1";"0";"1";"0";"PSU HDY"
"UP";"sw-rdo3";"NOT_CSV_EXPORTABLE";"1";"1";"0";"1";"0";"PSU HDY"
"UP";"sw-rdo5";"NOT_CSV_EXPORTABLE";"1";"1";"0";"1";"0";"PSU HDY"
"UP";"sw-SABNEW";"NOT_CSV_EXPORTABLE";"7";"1";"0";"2";"0";"PSU HDY"
"UP";"sw-sec1";"NOT_CSV_EXPORTABLE";"1";"0";"0";"2";"0";"PSU HDY"
"UP";"sw-shsri2";"NOT_CSV_EXPORTABLE";"1";"1";"0";"1";"0";"PSU HDY"
"UP";"sw-staff1";"NOT_CSV_EXPORTABLE";"1";"1";"0";"1";"0";"PSU HDY"
"UP";"sw-staff2";"NOT_CSV_EXPORTABLE";"1";"1";"0";"1";"0";"PSU HDY"
"UP";"sw-staff2_r206";"NOT_CSV_EXPORTABLE";"20";"1";"0";"2";"0";"PSU HDY"
"UP";"sw-staff3";"NOT_CSV_EXPORTABLE";"23";"1";"0";"0";"0";"PSU HDY"
"UP";"sw-student";"NOT_CSV_EXPORTABLE";"1";"0";"0";"2";"0";"PSU HDY"
"UP";"sw-student-rec";"NOT_CSV_EXPORTABLE";"1";"1";"0";"1";"0";"PSU HDY"
"UP";"sw-student-rec1";"NOT_CSV_EXPORTABLE";"1";"1";"0";"1";"0";"PSU HDY"
"UP";"sw-swimming";"NOT_CSV_EXPORTABLE";"1";"1";"0";"1";"0";"PSU HDY"
"UP";"sw_fl9_4200g";"NOT_CSV_EXPORTABLE";"1";"1";"0";"1";"0";"PSU HDY"
"UP";"swp-bic";"NOT_CSV_EXPORTABLE";"1";"1";"0";"1";"0";"PSU HDY"
"UP";"swp-bic-guest";"NOT_CSV_EXPORTABLE";"1";"1";"0";"1";"0";"PSU HDY"
"UP";"swp-fl1-lrc";"NOT_CSV_EXPORTABLE";"1";"1";"0";"1";"0";"PSU HDY"
"UP";"swp-fl11s-lrcs";"NOT_CSV_EXPORTABLE";"1";"1";"0";"1";"0";"PSU HDY"
"UP";"swp-fl1002-lrcs";"NOT_CSV_EXPORTABLE";"23";"0";"0";"4";"0";"PSU HDY"
"UP";"swp-med-pnu";"NOT_CSV_EXPORTABLE";"1";"1";"0";"1";"0";"PSU HDY"
"UP";"swp-project-lrcs";"NOT_CSV_EXPORTABLE";"1";"1";"0";"1";"0";"PSU HDY"
"UP";"swp-rdo1";"NOT_CSV_EXPORTABLE";"1";"1";"0";"1";"0";"PSU HDY"
"UP";"swp-rdo7";"NOT_CSV_EXPORTABLE";"1";"1";"0";"1";"0";"PSU HDY"
"UP";"swp-reg-adm";"NOT_CSV_EXPORTABLE";"1";"1";"0";"1";"0";"PSU HDY"
"UP";"swp-SHRI";"NOT_CSV_EXPORTABLE";"1";"1";"0";"1";"0";"PSU HDY"
"UP";"swp_med_tech1";"NOT_CSV_EXPORTABLE";"1";"1";"0";"1";"0";"PSU HDY"
"UP";"taurus";"NOT_CSV_EXPORTABLE";"1";"0";"0";"0";"0";"PSU HDY"
"UP";"teams.microsoft.com";"NOT_CSV_EXPORTABLE";"2";"0";"0";"0";"0";"PSU HDY"
"UP";"Temp-SIS-7";"NOT_CSV_EXPORTABLE";"18";"1";"0";"0";"0";"PSU HDY"
"UP";"Temp-SIS-8";"NOT_CSV_EXPORTABLE";"18";"1";"0";"0";"0";"PSU HDY"
"UP";"Temp-SIS-API-7";"NOT_CSV_EXPORTABLE";"18";"1";"0";"0";"0";"PSU HDY"
"UP";"Temp-SIS-API-8";"NOT_CSV_EXPORTABLE";"18";"1";"0";"0";"0";"PSU HDY"
"UP";"tifa.psu.ac.th";"NOT_CSV_EXPORTABLE";"2";"0";"0";"0";"0";"PSU HDY"
"UP";"TRG-ISP-Link";"NOT_CSV_EXPORTABLE";"1";"0";"0";"0";"0";"PSU HDY"
"UP";"TRG-UniNet";"NOT_CSV_EXPORTABLE";"1";"0";"0";"0";"0";"PSU HDY"
"UP";"ufw-40g";"NOT_CSV_EXPORTABLE";"14";"1";"2";"2";"0";"PSU HDY"
"UP";"uisp";"NOT_CSV_EXPORTABLE";"1";"0";"0";"0";"0";"PSU HDY"
"UP";"Uninet";"NOT_CSV_EXPORTABLE";"1";"0";"0";"0";"0";"PSU HDY"
"UP";"unms.psu.ac.th";"NOT_CSV_EXPORTABLE";"1";"0";"0";"0";"0";"PSU HDY"
"UP";"vcenter-hci.in.psu.ac.th";"NOT_CSV_EXPORTABLE";"1";"0";"0";"0";"0";"PSU HDY"
"UP";"vcenter-wifi";"NOT_CSV_EXPORTABLE";"1";"0";"0";"0";"0";"PSU HDY"
"UP";"vcenter-wifi-192.168.106.104";"NOT_CSV_EXPORTABLE";"22";"8";"0";"0";"0";"PSU HDY"
"UP";"vcenter.psu.ac.th";"NOT_CSV_EXPORTABLE";"366";"27";"28";"0";"0";"PSU HDY"
"UP";"VDOM-PSU";"NOT_CSV_EXPORTABLE";"1";"0";"0";"0";"0";"PSU HDY"
"UP";"VMserver_for_Aruba_R200";"NOT_CSV_EXPORTABLE";"1";"0";"0";"0";"0";"PSU HDY"
"UP";"vs14";"NOT_CSV_EXPORTABLE";"1";"1";"0";"1";"0";"PSU HDY"
"UP";"WiCon-Icarus";"NOT_CSV_EXPORTABLE";"1";"0";"0";"0";"0";"PSU HDY"
"UP";"WiCon-Rigel_Redundancy_mgmt";"NOT_CSV_EXPORTABLE";"1";"0";"0";"0";"0";"PSU HDY"
"UP";"wireless_controller1_internal_IP";"NOT_CSV_EXPORTABLE";"1";"0";"0";"0";"0";"PSU HDY"
"UP";"wisw-ACC";"NOT_CSV_EXPORTABLE";"1";"0";"0";"0";"0";"PSU HDY"
"UP";"wisw-Agi";"NOT_CSV_EXPORTABLE";"1";"0";"0";"0";"0";"PSU HDY"
"UP";"wisw-Agi_2";"NOT_CSV_EXPORTABLE";"1";"0";"0";"0";"0";"PSU HDY"
"UP";"wisw-ASB_1";"NOT_CSV_EXPORTABLE";"1";"0";"0";"0";"0";"PSU HDY"
"UP";"wisw-ASB_2";"NOT_CSV_EXPORTABLE";"1";"0";"0";"0";"0";"PSU HDY"
"UP";"wisw-BizMall";"NOT_CSV_EXPORTABLE";"1";"0";"0";"0";"0";"PSU HDY"
"UP";"wisw-CC";"NOT_CSV_EXPORTABLE";"1";"0";"0";"0";"0";"PSU HDY"
"UP";"wisw-CC-Aruba";"NOT_CSV_EXPORTABLE";"1";"0";"0";"0";"0";"PSU HDY"
"UP";"wisw-CLIB3";"NOT_CSV_EXPORTABLE";"1";"0";"0";"0";"0";"PSU HDY"
"UP";"wisw-CLIB4";"NOT_CSV_EXPORTABLE";"1";"0";"0";"0";"0";"PSU HDY"
"UP";"wisw-CLIB5";"NOT_CSV_EXPORTABLE";"1";"0";"0";"0";"0";"PSU HDY"
"UP";"wisw-CLIB7";"NOT_CSV_EXPORTABLE";"1";"0";"0";"0";"0";"PSU HDY"
"UP";"wisw-Dorm1_1";"NOT_CSV_EXPORTABLE";"1";"0";"0";"0";"0";"PSU HDY"
"UP";"wisw-Dorm1_2";"NOT_CSV_EXPORTABLE";"1";"0";"0";"0";"0";"PSU HDY"
"UP";"wisw-Dorm1_3";"NOT_CSV_EXPORTABLE";"1";"0";"0";"0";"0";"PSU HDY"
"UP";"wisw-Dorm1_4";"NOT_CSV_EXPORTABLE";"1";"0";"0";"0";"0";"PSU HDY"
"UP";"wisw-Dorm2_1";"NOT_CSV_EXPORTABLE";"1";"0";"0";"0";"0";"PSU HDY"
"UP";"wisw-Dorm2_2";"NOT_CSV_EXPORTABLE";"1";"0";"0";"0";"0";"PSU HDY"
"UP";"wisw-Dorm2_3";"NOT_CSV_EXPORTABLE";"1";"0";"0";"0";"0";"PSU HDY"
"UP";"wisw-Dorm2_4";"NOT_CSV_EXPORTABLE";"1";"0";"0";"0";"0";"PSU HDY"
"UP";"wisw-Dorm5_1";"NOT_CSV_EXPORTABLE";"1";"0";"0";"0";"0";"PSU HDY"
"UP";"wisw-Dorm5_2";"NOT_CSV_EXPORTABLE";"1";"0";"0";"0";"0";"PSU HDY"
"UP";"wisw-Dorm5_3";"NOT_CSV_EXPORTABLE";"1";"0";"0";"0";"0";"PSU HDY"
"UP";"wisw-Dorm6_1";"NOT_CSV_EXPORTABLE";"1";"0";"0";"0";"0";"PSU HDY"
"UP";"wisw-Dorm6_2";"NOT_CSV_EXPORTABLE";"1";"0";"0";"0";"0";"PSU HDY"
"UP";"wisw-Dorm6_3";"NOT_CSV_EXPORTABLE";"1";"0";"0";"0";"0";"PSU HDY"
"UP";"wisw-Dorm7_1";"NOT_CSV_EXPORTABLE";"1";"0";"0";"0";"0";"PSU HDY"
"UP";"wisw-Dorm7_2";"NOT_CSV_EXPORTABLE";"1";"0";"0";"0";"0";"PSU HDY"
"UP";"wisw-Dorm7_3";"NOT_CSV_EXPORTABLE";"1";"0";"0";"0";"0";"PSU HDY"
"UP";"wisw-Dorm12";"NOT_CSV_EXPORTABLE";"1";"0";"0";"0";"0";"PSU HDY"
"UP";"wisw-Dorm13";"NOT_CSV_EXPORTABLE";"1";"0";"0";"0";"0";"PSU HDY"
"UP";"wisw-Dorm14";"NOT_CSV_EXPORTABLE";"1";"0";"0";"0";"0";"PSU HDY"
"UP";"wisw-Dorm15_1";"NOT_CSV_EXPORTABLE";"1";"0";"0";"0";"0";"PSU HDY"
"UP";"wisw-Dorm15_2";"NOT_CSV_EXPORTABLE";"1";"0";"0";"0";"0";"PSU HDY"
"UP";"wisw-Dorm15_3";"NOT_CSV_EXPORTABLE";"1";"0";"0";"0";"0";"PSU HDY"
"UP";"wisw-Dorm15_4";"NOT_CSV_EXPORTABLE";"1";"0";"0";"0";"0";"PSU HDY"
"UP";"wisw-Dorm34_1";"NOT_CSV_EXPORTABLE";"1";"0";"0";"0";"0";"PSU HDY"
"UP";"wisw-Dorm34_2";"NOT_CSV_EXPORTABLE";"1";"0";"0";"0";"0";"PSU HDY"
"UP";"wisw-Dorm34_3";"NOT_CSV_EXPORTABLE";"1";"0";"0";"0";"0";"PSU HDY"
"UP";"wisw-Dorm34_4";"NOT_CSV_EXPORTABLE";"1";"0";"0";"0";"0";"PSU HDY"
"UP";"wisw-Dorm34_5";"NOT_CSV_EXPORTABLE";"1";"0";"0";"0";"0";"PSU HDY"
"UP";"wisw-Dorm34_6";"NOT_CSV_EXPORTABLE";"1";"0";"0";"0";"0";"PSU HDY"
"UP";"wisw-Dorm-office";"NOT_CSV_EXPORTABLE";"1";"0";"0";"0";"0";"PSU HDY"
"UP";"wisw-DormOff-F";"NOT_CSV_EXPORTABLE";"1";"0";"0";"0";"0";"PSU HDY"
"UP";"wisw-Econ";"NOT_CSV_EXPORTABLE";"1";"0";"0";"0";"0";"PSU HDY"
"UP";"wisw-Env";"NOT_CSV_EXPORTABLE";"1";"0";"0";"0";"0";"PSU HDY"
"UP";"wisw-FMS_1";"NOT_CSV_EXPORTABLE";"1";"0";"0";"0";"0";"PSU HDY"
"UP";"wisw-FMS_2";"NOT_CSV_EXPORTABLE";"1";"0";"0";"0";"0";"PSU HDY"
"UP";"wisw-ICC";"NOT_CSV_EXPORTABLE";"1";"0";"0";"0";"0";"PSU HDY"
"UP";"wisw-ICC-TC1C";"NOT_CSV_EXPORTABLE";"1";"0";"0";"0";"0";"PSU HDY"
"UP";"wisw-ICC-TC3C";"NOT_CSV_EXPORTABLE";"1";"0";"0";"0";"0";"PSU HDY"
"UP";"wisw-ICC-TC11";"NOT_CSV_EXPORTABLE";"1";"0";"0";"0";"0";"PSU HDY"
"DOWN";"wisw-ICC-TC12";"NOT_CSV_EXPORTABLE";"0";"0";"0";"1";"0";"PSU HDY"
"UP";"wisw-ICC-TC21";"NOT_CSV_EXPORTABLE";"1";"0";"0";"0";"0";"PSU HDY"
"UP";"wisw-ICC-TC31";"NOT_CSV_EXPORTABLE";"1";"0";"0";"0";"0";"PSU HDY"
"DOWN";"wisw-ICC-TC32_1";"NOT_CSV_EXPORTABLE";"0";"0";"0";"1";"0";"PSU HDY"
"UP";"wisw-ICC-TC32_2";"NOT_CSV_EXPORTABLE";"1";"0";"0";"0";"0";"PSU HDY"
"UP";"wisw-LCB";"NOT_CSV_EXPORTABLE";"1";"0";"0";"0";"0";"PSU HDY"
"UP";"wisw-LibArts";"NOT_CSV_EXPORTABLE";"1";"0";"0";"0";"0";"PSU HDY"
"UP";"wisw-LowerField";"NOT_CSV_EXPORTABLE";"1";"0";"0";"0";"0";"PSU HDY"
"UP";"wisw-LRC8";"NOT_CSV_EXPORTABLE";"1";"0";"0";"0";"0";"PSU HDY"
"UP";"wisw-LRC10A";"NOT_CSV_EXPORTABLE";"1";"0";"0";"0";"0";"PSU HDY"
"UP";"wisw-LRC10B";"NOT_CSV_EXPORTABLE";"1";"0";"0";"0";"0";"PSU HDY"
"UP";"wisw-LRC11A";"NOT_CSV_EXPORTABLE";"1";"0";"0";"0";"0";"PSU HDY"
"UP";"wisw-LRC11B";"NOT_CSV_EXPORTABLE";"1";"0";"0";"0";"0";"PSU HDY"
"UP";"wisw-LRC14A";"NOT_CSV_EXPORTABLE";"1";"0";"0";"0";"0";"PSU HDY"
"UP";"wisw-LRC-1";"NOT_CSV_EXPORTABLE";"1";"0";"0";"0";"0";"PSU HDY"
"UP";"wisw-LRC-F";"NOT_CSV_EXPORTABLE";"1";"0";"0";"0";"0";"PSU HDY"
"UP";"wisw-NTR";"NOT_CSV_EXPORTABLE";"1";"0";"0";"0";"0";"PSU HDY"
"UP";"wisw-Nur";"NOT_CSV_EXPORTABLE";"1";"0";"0";"0";"0";"PSU HDY"
"UP";"wisw-Nur_2";"NOT_CSV_EXPORTABLE";"1";"0";"0";"0";"0";"PSU HDY"
"UP";"wisw-PSO_1";"NOT_CSV_EXPORTABLE";"1";"0";"0";"0";"0";"PSU HDY"
"UP";"wisw-PSO_2";"NOT_CSV_EXPORTABLE";"1";"0";"0";"0";"0";"PSU HDY"
"UP";"wisw-PSU-Hist";"NOT_CSV_EXPORTABLE";"1";"0";"0";"0";"0";"PSU HDY"
"UP";"wisw-PSU-WiFi";"NOT_CSV_EXPORTABLE";"1";"0";"0";"0";"0";"PSU HDY"
"UP";"wisw-RCG-PK";"NOT_CSV_EXPORTABLE";"1";"0";"0";"0";"0";"PSU HDY"
"UP";"wisw-RegOff";"NOT_CSV_EXPORTABLE";"1";"0";"0";"0";"0";"PSU HDY"
"UP";"wisw-RongChang_1";"NOT_CSV_EXPORTABLE";"1";"0";"0";"0";"0";"PSU HDY"
"UP";"wisw-Rx";"NOT_CSV_EXPORTABLE";"1";"0";"0";"0";"0";"PSU HDY"
"UP";"wisw-SAB";"NOT_CSV_EXPORTABLE";"1";"0";"0";"0";"0";"PSU HDY"
"UP";"wisw-Sport-F";"NOT_CSV_EXPORTABLE";"1";"0";"0";"0";"0";"PSU HDY"
"UP";"wisw-Spx-dp00";"NOT_CSV_EXPORTABLE";"1";"0";"0";"0";"0";"PSU HDY"
"UP";"wisw-Spx-dp01";"NOT_CSV_EXPORTABLE";"1";"0";"0";"0";"0";"PSU HDY"
"UP";"WLC";"NOT_CSV_EXPORTABLE";"551";"1";"0";"9";"0";"PSU HDY"
"UP";"www.facebook.com";"NOT_CSV_EXPORTABLE";"2";"0";"0";"0";"0";"PSU HDY"
"UP";"www.google.com";"NOT_CSV_EXPORTABLE";"2";"0";"0";"0";"0";"PSU HDY"
"UP";"www.psu.ac.th";"NOT_CSV_EXPORTABLE";"1";"0";"0";"2";"0";"PSU HDY"
"UP";"yuffie.psu.ac.th";"NOT_CSV_EXPORTABLE";"2";"0";"0";"0";"0";"PSU HDY"
"UP";"Zabbix_server";"NOT_CSV_EXPORTABLE";"1";"0";"0";"0";"0";"PSU HDY"
"UP";"zoom.us";"NOT_CSV_EXPORTABLE";"2";"0";"0";"0";"0";"PSU HDY"